Item ID,Short Name,Assessment Instrument,Assessment Instrument Version,HIT Standard Name,HIT Standard Version,Item HIT Code,Item HIT Text,Item Subsets,Response HIT Code,Assessment Response Codes,Response HIT Text
A0050,Type of transaction,LCDS,3,LOINC,2.61,58198-3,Type of record [CMS Assessment],LA|LE|LP|LU,LA12664-1|LA12665-8|LA27573-7,2|3|1,Modify existing record|Inactivate existing record|Add new assessment/record
A0100,{Facility/provider} numbers,LCDS,3,LOINC,2.61,54581-4,Facility provider numbers,LA|LE|LP|LU,,,
A0100A,{Facility/provider} National Provider Identifier (NPI),LCDS,3,LOINC,2.61,76468-8,Organization NPI,LA|LE|LP|LU,,,
A0100B,{Facility/provider} CMS Certification Number (CCN),LCDS,3,LOINC,2.61,69417-4,CMS certification number (CCN) for Facility,LA|LE|LP|LU,,,
A0100C,State {facility/provider} Medicaid number,LCDS,3,LOINC,2.61,45398-5,State provider number for Facility,LA|LE|LP|LU,,,
A0200,Type of {facility/provider},LCDS,3,LOINC,2.61,85632-8,Facility type [CMS Assessment],LA|LE|LP|LU,LA10000-0,3,Long-term care hospital (LTCH)
A0210,Assessment reference date,LCDS,3,LOINC,2.61,54593-9,Assessment reference date - observation end date [CMS Assessment],LA|LE|LP|LU,,,
A0220,Admission date,LCDS,3,LOINC,2.61,52455-3,Admission date,LA|LE|LP|LU,,,
A0250,Reason for assessment (record),LCDS,3,LOINC,2.61,52454-6,Reason for assessment,LA|LE|LP|LU,LA10325-1|LA10922-5|LA18067-1|LA18068-9,12|01|10|11,Expired|Admission|Planned discharge|Unplanned discharge
A0270,Discharge date,LCDS,3,LOINC,2.61,52525-3,Discharge date,LE|LP|LU,,,
A0500,Legal name of {patient/resident},LCDS,3,LOINC,2.61,54503-8,Legal name of patient,LA|LE|LP|LU,,,
A0500A,{Patient/resident} first name,LCDS,3,LOINC,2.61,45392-8,First name,LA|LE|LP|LU,,,
A0500B,{Patient/resident} middle initial,LCDS,3,LOINC,2.61,45393-6,Middle initial,LA|LE|LP|LU,,,
A0500C,{Patient/resident} last name,LCDS,3,LOINC,2.61,45394-4,Last name,LA|LE|LP|LU,,,
A0500D,{Patient/resident} name suffix,LCDS,3,LOINC,2.61,45395-1,Name suffix,LA|LE|LP|LU,,,
A0600,Social security and Medicare numbers,LCDS,3,LOINC,2.61,45966-9,Social security and Medicare numbers,LA|LE|LP|LU,,,
A0600A,Social security number,LCDS,3,LOINC,2.61,45396-9,Social Security number [Identifier],LA|LE|LP|LU,,,
A0600B,Medicare/railroad insurance number,LCDS,3,LOINC,2.61,45397-7,Medicare or comparable number,LA|LE|LP|LU,,,
A0700,Medicaid number,LCDS,3,LOINC,2.61,45400-9,Medicaid number,LA|LE|LP|LU,,,
A0800,Gender,LCDS,3,LOINC,2.61,46098-0,Sex,LA|LE|LP|LU,LA2-8|LA3-6,1|2,Male|Female
A0900,Birth date,LCDS,3,LOINC,2.61,21112-8,Birth date,LA|LE|LP|LU,,,
A1000,Race/ethnicity. Check all that apply,LCDS,3,LOINC,2.61,59362-4,Race or ethnicity OMB.1997,LA|LE|LP|LU,LA10610-6|LA10611-4|LA4457-3|LA6155-1|LA6156-9|LA6214-6,C|E|F|A|B|D,Black or African American|Native Hawaiian or Other Pacific Islander|White|American Indian or Alaska Native|Asian|Hispanic or Latino
A1100,Language,LCDS,3,LOINC,2.61,54505-3,Language,LA,,,
A1100A,Does  {patient/resident} need or want an interpreter,LCDS,3,LOINC,2.61,54588-9,Interpreter needed CMS Assessment,LA,LA11137-9|LA32-8|LA33-6,9|0|1,Unable to determine|No|Yes
A1100B,Preferred language,LCDS,3,LOINC,2.61,54899-0,Language.preferred,LA,,,
A1200,Marital status,LCDS,3,LOINC,2.61,45404-1,Marital status [CMS Assessment],LA,LA4288-2|LA47-6|LA48-4|LA49-2|LA51-8,4|1|2|3|5,Separated|Never married|Married|Widowed|Divorced
A1400,Payer information. Check all that apply,LCDS,3,LOINC,2.61,52556-8,Payment sources,LA|LE|LP|LU,LA10049-7|LA10061-2|LA18995-3|LA27554-7|LA27556-2|LA27561-2|LA4489-6|LA46-8|LA6257-5|LA6259-1|LA6369-8|LA6398-7|LA6452-2,G|H|K|B|D|I|X|Y|C|A|J|F|E,"Other government (e.g., TRICARE, VA, etc.)|Private insurance/Medigap|No payor source|Medicare (managed care/Part C/Medicare Advantage)|Medicaid (managed care)|Private managed care|Unknown|Other|Medicaid (traditional fee-for-service)|Medicare (traditional fee-for-service)|Self-pay|Title programs (e.g., Title III, V, or XX)|Workers' compensation"
A1802,Admitted from,LCDS,3,LOINC,2.61,85398-6,Admitted from Facility [CMS Assessment],LA,LA10000-0|LA10065-3|LA10078-6|LA10929-0|LA11501-6|LA11504-0|LA18066-3|LA27338-5|LA27548-9|LA6216-1|LA9-3,06|08|05|09|01|04|02|03|07|10|99,"Long-term care hospital (LTCH)|Psychiatric hospital or unit|Short-stay acute hospital (IPPS)|ID/DD facility|Community residential setting (e.g., private home, assisted living, group home, adult foster care)|Hospital emergency department|Long-term care facility|Skilled nursing facility (SNF)|Inpatient rehabilitation facility or unit (IRF)|Hospice|None of the above"
A2110,Discharge location,LCDS,3,LOINC,2.61,85416-6,Discharge location [CMS Assessment],LP|LU,LA10000-0|LA10065-3|LA10078-6|LA10929-0|LA11501-6|LA11504-0|LA18066-3|LA27338-5|LA27548-9|LA46-8|LA6216-1|LA9965-0,06|08|05|09|01|04|02|03|07|98|10|12,"Long-term care hospital (LTCH)|Psychiatric hospital or unit|Short-stay acute hospital (IPPS)|ID/DD facility|Community residential setting (e.g., private home, assisted living, group home, adult foster care)|Hospital emergency department|Long-term care facility|Skilled nursing facility (SNF)|Inpatient rehabilitation facility or unit (IRF)|Other|Hospice|Discharged against medical advice"
A2500,Were there program interruption(s) during stay,LCDS,3,LOINC,2.61,85412-5,Program interruption(s) [CMS Assessment],LP|LU,LA32-8|LA33-6,0|1,No|Yes
A2510,Number of program interruptions during stay,LCDS,3,LOINC,2.61,85669-0,Number of program interruptions [CMS Assessment],LP|LU,,,
A2525,Program interruption dates,LCDS,3,LOINC,2.61,85483-6,Program interruption dates [CMS Assessment],LP|LU,,,
A2525A1,First interruption date,LCDS,3,LOINC,2.61,85413-3,Program interruption date [CMS Assessment],LP|LU,,,
A2525A2,First interruption return date,LCDS,3,LOINC,2.61,85414-1,Program return date [CMS Assessment],LP|LU,,,
A2525B1,Second interruption date,LCDS,3,LOINC,2.61,85413-3,Program interruption date [CMS Assessment],LP|LU,,,
A2525B2,Second interruption return date,LCDS,3,LOINC,2.61,85414-1,Program return date [CMS Assessment],LP|LU,,,
A2525C1,Third interruption date,LCDS,3,LOINC,2.61,85413-3,Program interruption date [CMS Assessment],LP|LU,,,
A2525C2,Third interruption return date,LCDS,3,LOINC,2.61,85414-1,Program return date [CMS Assessment],LP|LU,,,
A2525D1,Fourth interruption start date,LCDS,3,LOINC,2.61,85413-3,Program interruption date [CMS Assessment],LP|LU,,,
A2525D2,Fourth interruption end date,LCDS,3,LOINC,2.61,85414-1,Program return date [CMS Assessment],LP|LU,,,
A2525E1,Fifth interruption start date,LCDS,3,LOINC,2.61,85413-3,Program interruption date [CMS Assessment],LP|LU,,,
A2525E2,Fifth interruption end date,LCDS,3,LOINC,2.61,85414-1,Program return date [CMS Assessment],LP|LU,,,
B0100,Comatose,LCDS,3,LOINC,2.61,85629-4,Comatose during 3 day assessment period [CMS Assessment],LA|LP,LA32-8|LA33-6,0|1,No|Yes
BB0700,Expression of ideas and wants,LCDS,3,LOINC,2.61,83250-1,Expression of ideas and wants during 3 day assessment period [CMS Assessment],LA|LP,LA11713-7|LA9966-8|LA9967-6|LA9972-6,1|3|4|2,"Rarely/Never expresses self or speech is very difficult to understand|Exhibits some difficulty with expressing needs and ideas (e.g., some words or finishing thoughts) or speech is not clear|Expresses complex messages without difficulty and with speech that is clear and easy to understand|Frequently exhibits difficulty with expressing needs and ideas"
BB0800,Understanding verbal content,LCDS,3,LOINC,2.61,83249-3,Understanding verbal content during 3 day assessment period [CMS Assessment],LA|LP,LA10110-7|LA11705-3|LA11706-1|LA81-5,4|3|2|1,"Understands clear comprehension without cues or repetitions|Usually understands: understands most conversations, but misses some part/intent of message.  Requires cues at times to understand.|Sometimes understands: Understands only basic conversations or simple, direct phrases.  Frequently requires cues to understand.|Rarely/never understands"
C1610,Signs and symptoms of delirium,LCDS,3,LOINC,2.61,85649-2,Signs and symptoms of delirium (from CAM) [CMS Assessment],LA|LP|LU,,,
C1610A,CAM: Acute onset,LCDS,3,LOINC,2.61,85634-4,Is there evidence of an acute change in mental status from the patient's baseline during 3 day assessment period [CMS Assessment],LA|LP|LU,LA32-8|LA33-6,0|1,No|Yes
C1610B,CAM: Fluctuating course,LCDS,3,LOINC,2.61,85630-2,"Did the (abnormal) behavior fluctuate during the day, that is, tend to come and go or increase and decrease in severity during 3 day assessment period [CMS Assessment]",LA|LP|LU,LA32-8|LA33-6,0|1,No|Yes
C1610C,CAM: Inattention,LCDS,3,LOINC,2.61,85631-0,"Did the patient have difficulty focusing attention, for example, being easily distractible or having difficulty keeping track of what was being said during 3 day assessment period [CMS Assessment]",LA|LP|LU,LA32-8|LA33-6,0|1,No|Yes
C1610D,CAM: Disorganized thinking,LCDS,3,LOINC,2.61,85651-8,"Was the patient's thinking disorganized or incoherent, such as rambling or irrelevant conversation, unclear or illogical flow of ideas, or unpredictable switching from subject to subject during 3 day assessment period [CMS Assessment]",LA|LP|LU,LA32-8|LA33-6,0|1,No|Yes
C1610E,"Overall, how would you rate the {patient's/resident's} level of consciousness?",LCDS,3,LOINC,2.61,85811-8,Altered level of consciousness [CMS Assessment],LA|LP|LU,,,
C1610E1,CAM: Altered conscious level - alert,LCDS,3,LOINC,2.61,85646-8,Level of consciousness - Alert (normal) during 3 day assessment [CMS Assessment],LA|LP|LU,LA32-8|LA33-6,0|1,No|Yes
C1610E2,CAM: Altered conscious level - vigilant/Lethargic/Stupor/Coma,LCDS,3,LOINC,2.61,85655-9,Level of consciousness - Vigilant or lethargic or stupor or coma during 3 day assessment [CMS Assessment],LA|LP|LU,LA32-8|LA33-6,0|1,No|Yes
GG0100,Prior functioning: everyday activities,LCDS,3,LOINC,2.61,85642-7,LCDS - Prior functioning: everyday activities [CMS Assessment],LA,,,
GG0100B,Indoor mobility (ambulation),LCDS,3,LOINC,2.61,85071-9,Indoor mobility (Ambulation) [CMS Assessment],LA,LA11539-6|LA11541-2|LA26832-8|LA4489-6|LA4720-4,3|1|2|8|9,"Independent - patient completed the activities by him/herself, with or without an assistive device, with no assistance from a helper.|Dependent - a helper completed the activity for the patient.|Needed some help - patient needed partial assistance from another person to complete activities.|Unknown|Not applicable"
GG0110,Prior device use. Check all that apply,LCDS,3,LOINC,2.61,83234-5,Prior device use [CMS Assessment],LA,LA11549-5|LA18363-4|LA26730-4|LA9-3,C|A|B|Z,Mechanical lift|Manual wheelchair|Motorized wheelchair or scooter|None of the above
GG0130A1,Self-care (admission performance) - eating,LCDS,3,LOINC,2.61,83232-9,Eating - functional ability during 3 day assessment period [CMS Assessment],LA,LA10055-4|LA10058-8|LA10073-7|LA11759-0|LA11921-6|LA26735-3|LA27665-1|LA4720-4|LA9983-3,03|07|05|02|04|88|01|09|06,"Partial/moderate assistance - helper does less than half the effort. Helper lifts, holds or supports trunk or limbs, but provides less than half the effort.|Patient refused|Setup or clean-up assistance - helper sets up or cleans up; patient completes activity. Helper assists only prior to or following the activity.|Substantial/maximal assistance - helper does more than half the effort. Helper lifts or holds trunk or limbs and provides more than half the effort.|Supervision or touching assistance - helper provides verbal cues or touching/ steadying assistance as patient completes activity. Assistance may be provided throughout the activity or intermittently.|Not attempted due to medical condition or safety concerns|Dependent - helper does all of the effort. Patient does none of the effort to complete the activity. Or, the assistance of 2 or more helpers is required for the patient to complete the activity.|Not applicable|Independent - patient completes the activity by him/herself with no assistance from a helper."
GG0130A2,Self-care (discharge goal) - eating,LCDS,3,LOINC,2.61,83231-1,Eating - functional goal during 3 day assessment period [CMS Assessment],LA,LA10073-7|LA11539-6|LA11757-4|LA11758-2|LA11759-0|LA27665-1,05|06|04|03|02|01,"Setup or clean-up assistance - helper sets up or cleans up; patient completes activity. Helper assists only prior to or following the activity.|Independent - patient completed the activities by him/herself, with or without an assistive device, with no assistance from a helper.|Supervision or touching assistance - helper provides verbal cues or touching/steadying assistance as patient completes activity. Assistance may be provided throughout the activity or intermittently.|Partial/moderate assistance - helper does less than half the effort. Helper lifts, holds or supports truck or limbs, but provides less than half the effort.|Substantial/maximal assistance - helper does more than half the effort. Helper lifts or holds trunk or limbs and provides more than half the effort.|Dependent - helper does all of the effort. Patient does none of the effort to complete the activity. Or, the assistance of 2 or more helpers is required for the patient to complete the activity."
GG0130A3,Self-care (discharge performance) - eating,LCDS,3,LOINC,2.61,83232-9,Eating - functional ability during 3 day assessment period [CMS Assessment],LP,LA10055-4|LA10058-8|LA10073-7|LA11759-0|LA11921-6|LA26735-3|LA27665-1|LA4720-4|LA9983-3,03|07|05|02|04|88|01|09|06,"Partial/moderate assistance - helper does less than half the effort. Helper lifts, holds or supports trunk or limbs, but provides less than half the effort.|Patient refused|Setup or clean-up assistance - helper sets up or cleans up; patient completes activity. Helper assists only prior to or following the activity.|Substantial/maximal assistance - helper does more than half the effort. Helper lifts or holds trunk or limbs and provides more than half the effort.|Supervision or touching assistance - helper provides verbal cues or touching/ steadying assistance as patient completes activity. Assistance may be provided throughout the activity or intermittently.|Not attempted due to medical condition or safety concerns|Dependent - helper does all of the effort. Patient does none of the effort to complete the activity. Or, the assistance of 2 or more helpers is required for the patient to complete the activity.|Not applicable|Independent - patient completes the activity by him/herself with no assistance from a helper."
GG0130B1,Self-care (admission performance) - oral hygiene,LCDS,3,LOINC,2.61,83230-3,Oral hygiene - functional ability during 3 day assessment period [CMS Assessment],LA,LA10055-4|LA10058-8|LA10073-7|LA11759-0|LA11921-6|LA26735-3|LA27665-1|LA4720-4|LA9983-3,03|07|05|02|04|88|01|09|06,"Partial/moderate assistance - helper does less than half the effort. Helper lifts, holds or supports trunk or limbs, but provides less than half the effort.|Patient refused|Setup or clean-up assistance - helper sets up or cleans up; patient completes activity. Helper assists only prior to or following the activity.|Substantial/maximal assistance - helper does more than half the effort. Helper lifts or holds trunk or limbs and provides more than half the effort.|Supervision or touching assistance - helper provides verbal cues or touching/ steadying assistance as patient completes activity. Assistance may be provided throughout the activity or intermittently.|Not attempted due to medical condition or safety concerns|Dependent - helper does all of the effort. Patient does none of the effort to complete the activity. Or, the assistance of 2 or more helpers is required for the patient to complete the activity.|Not applicable|Independent - patient completes the activity by him/herself with no assistance from a helper."
GG0130B2,Self-care (discharge goal) - oral hygiene,LCDS,3,LOINC,2.61,83229-5,Oral hygiene - functional goal during 3 day assessment period [CMS Assessment],LA,LA10073-7|LA11539-6|LA11757-4|LA11758-2|LA11759-0|LA27665-1,05|06|04|03|02|01,"Setup or clean-up assistance - helper sets up or cleans up; patient completes activity. Helper assists only prior to or following the activity.|Independent - patient completed the activities by him/herself, with or without an assistive device, with no assistance from a helper.|Supervision or touching assistance - helper provides verbal cues or touching/steadying assistance as patient completes activity. Assistance may be provided throughout the activity or intermittently.|Partial/moderate assistance - helper does less than half the effort. Helper lifts, holds or supports truck or limbs, but provides less than half the effort.|Substantial/maximal assistance - helper does more than half the effort. Helper lifts or holds trunk or limbs and provides more than half the effort.|Dependent - helper does all of the effort. Patient does none of the effort to complete the activity. Or, the assistance of 2 or more helpers is required for the patient to complete the activity."
GG0130B3,Self-care (discharge performance) - oral hygiene,LCDS,3,LOINC,2.61,83230-3,Oral hygiene - functional ability during 3 day assessment period [CMS Assessment],LP,LA10055-4|LA10058-8|LA10073-7|LA11759-0|LA11921-6|LA26735-3|LA27665-1|LA4720-4|LA9983-3,03|07|05|02|04|88|01|09|06,"Partial/moderate assistance - helper does less than half the effort. Helper lifts, holds or supports trunk or limbs, but provides less than half the effort.|Patient refused|Setup or clean-up assistance - helper sets up or cleans up; patient completes activity. Helper assists only prior to or following the activity.|Substantial/maximal assistance - helper does more than half the effort. Helper lifts or holds trunk or limbs and provides more than half the effort.|Supervision or touching assistance - helper provides verbal cues or touching/ steadying assistance as patient completes activity. Assistance may be provided throughout the activity or intermittently.|Not attempted due to medical condition or safety concerns|Dependent - helper does all of the effort. Patient does none of the effort to complete the activity. Or, the assistance of 2 or more helpers is required for the patient to complete the activity.|Not applicable|Independent - patient completes the activity by him/herself with no assistance from a helper."
GG0130C1,Self-care (admission performance) - toileting hygiene,LCDS,3,LOINC,2.61,83228-7,Toileting hygiene - functional ability during 3 day assessment period [CMS Assessment],LA,LA10055-4|LA10058-8|LA10073-7|LA11759-0|LA11921-6|LA26735-3|LA27665-1|LA4720-4|LA9983-3,03|07|05|02|04|88|01|09|06,"Partial/moderate assistance - helper does less than half the effort. Helper lifts, holds or supports trunk or limbs, but provides less than half the effort.|Patient refused|Setup or clean-up assistance - helper sets up or cleans up; patient completes activity. Helper assists only prior to or following the activity.|Substantial/maximal assistance - helper does more than half the effort. Helper lifts or holds trunk or limbs and provides more than half the effort.|Supervision or touching assistance - helper provides verbal cues or touching/ steadying assistance as patient completes activity. Assistance may be provided throughout the activity or intermittently.|Not attempted due to medical condition or safety concerns|Dependent - helper does all of the effort. Patient does none of the effort to complete the activity. Or, the assistance of 2 or more helpers is required for the patient to complete the activity.|Not applicable|Independent - patient completes the activity by him/herself with no assistance from a helper."
GG0130C2,Self-care (discharge goal) - toileting hygiene,LCDS,3,LOINC,2.61,83227-9,Toileting hygiene - functional goal during 3 day assessment period [CMS Assessment],LA,LA10073-7|LA11539-6|LA11757-4|LA11758-2|LA11759-0|LA27665-1,05|06|04|03|02|01,"Setup or clean-up assistance - helper sets up or cleans up; patient completes activity. Helper assists only prior to or following the activity.|Independent - patient completed the activities by him/herself, with or without an assistive device, with no assistance from a helper.|Supervision or touching assistance - helper provides verbal cues or touching/steadying assistance as patient completes activity. Assistance may be provided throughout the activity or intermittently.|Partial/moderate assistance - helper does less than half the effort. Helper lifts, holds or supports truck or limbs, but provides less than half the effort.|Substantial/maximal assistance - helper does more than half the effort. Helper lifts or holds trunk or limbs and provides more than half the effort.|Dependent - helper does all of the effort. Patient does none of the effort to complete the activity. Or, the assistance of 2 or more helpers is required for the patient to complete the activity."
GG0130C3,Self-care (discharge performance) - toileting hygiene,LCDS,3,LOINC,2.61,83228-7,Toileting hygiene - functional ability during 3 day assessment period [CMS Assessment],LP,LA10055-4|LA10058-8|LA10073-7|LA11759-0|LA11921-6|LA26735-3|LA27665-1|LA4720-4|LA9983-3,03|07|05|02|04|88|01|09|06,"Partial/moderate assistance - helper does less than half the effort. Helper lifts, holds or supports trunk or limbs, but provides less than half the effort.|Patient refused|Setup or clean-up assistance - helper sets up or cleans up; patient completes activity. Helper assists only prior to or following the activity.|Substantial/maximal assistance - helper does more than half the effort. Helper lifts or holds trunk or limbs and provides more than half the effort.|Supervision or touching assistance - helper provides verbal cues or touching/ steadying assistance as patient completes activity. Assistance may be provided throughout the activity or intermittently.|Not attempted due to medical condition or safety concerns|Dependent - helper does all of the effort. Patient does none of the effort to complete the activity. Or, the assistance of 2 or more helpers is required for the patient to complete the activity.|Not applicable|Independent - patient completes the activity by him/herself with no assistance from a helper."
GG0130D1,Self-care (admission performance) - wash upper body,LCDS,3,LOINC,2.61,85652-6,Wash upper body - functional ability during 3 day assessment period [CMS Assessment],LA,LA10055-4|LA10058-8|LA11759-0|LA11921-6|LA26735-3|LA27665-1|LA4720-4|LA9983-3,03|07|02|04|88|01|09|06,"Partial/moderate assistance - helper does less than half the effort. Helper lifts, holds or supports trunk or limbs, but provides less than half the effort.|Patient refused|Substantial/maximal assistance - helper does more than half the effort. Helper lifts or holds trunk or limbs and provides more than half the effort.|Supervision or touching assistance - helper provides verbal cues or touching/ steadying assistance as patient completes activity. Assistance may be provided throughout the activity or intermittently.|Not attempted due to medical condition or safety concerns|Dependent - helper does all of the effort. Patient does none of the effort to complete the activity. Or, the assistance of 2 or more helpers is required for the patient to complete the activity.|Not applicable|Independent - patient completes the activity by him/herself with no assistance from a helper."
GG0130D2,Self-care (discharge goal) - wash upper body,LCDS,3,LOINC,2.61,85653-4,Wash upper body - functional goal during 3 day assessment period [CMS Assessment],LA,LA11539-6|LA11757-4|LA11758-2|LA11759-0|LA27665-1,06|04|03|02|01,"Independent - patient completed the activities by him/herself, with or without an assistive device, with no assistance from a helper.|Supervision or touching assistance - helper provides verbal cues or touching/steadying assistance as patient completes activity. Assistance may be provided throughout the activity or intermittently.|Partial/moderate assistance - helper does less than half the effort. Helper lifts, holds or supports truck or limbs, but provides less than half the effort.|Substantial/maximal assistance - helper does more than half the effort. Helper lifts or holds trunk or limbs and provides more than half the effort.|Dependent - helper does all of the effort. Patient does none of the effort to complete the activity. Or, the assistance of 2 or more helpers is required for the patient to complete the activity."
GG0130D3,Self-care (discharge performance) - wash upper body,LCDS,3,LOINC,2.61,85652-6,Wash upper body - functional ability during 3 day assessment period [CMS Assessment],LP,LA10055-4|LA10058-8|LA11759-0|LA11921-6|LA26735-3|LA27665-1|LA4720-4|LA9983-3,03|07|02|04|88|01|09|06,"Partial/moderate assistance - helper does less than half the effort. Helper lifts, holds or supports trunk or limbs, but provides less than half the effort.|Patient refused|Substantial/maximal assistance - helper does more than half the effort. Helper lifts or holds trunk or limbs and provides more than half the effort.|Supervision or touching assistance - helper provides verbal cues or touching/ steadying assistance as patient completes activity. Assistance may be provided throughout the activity or intermittently.|Not attempted due to medical condition or safety concerns|Dependent - helper does all of the effort. Patient does none of the effort to complete the activity. Or, the assistance of 2 or more helpers is required for the patient to complete the activity.|Not applicable|Independent - patient completes the activity by him/herself with no assistance from a helper."
GG0170A1,Functional mobility (admission performance) - roll left and right,LCDS,3,LOINC,2.61,83218-8,Roll left and right - functional ability during 3 day assessment period [CMS Assessment],LA,LA10055-4|LA10058-8|LA10073-7|LA11759-0|LA11921-6|LA26735-3|LA27665-1|LA4720-4|LA9983-3,03|07|05|02|04|88|01|09|06,"Partial/moderate assistance - helper does less than half the effort. Helper lifts, holds or supports trunk or limbs, but provides less than half the effort.|Patient refused|Setup or clean-up assistance - helper sets up or cleans up; patient completes activity. Helper assists only prior to or following the activity.|Substantial/maximal assistance - helper does more than half the effort. Helper lifts or holds trunk or limbs and provides more than half the effort.|Supervision or touching assistance - helper provides verbal cues or touching/ steadying assistance as patient completes activity. Assistance may be provided throughout the activity or intermittently.|Not attempted due to medical condition or safety concerns|Dependent - helper does all of the effort. Patient does none of the effort to complete the activity. Or, the assistance of 2 or more helpers is required for the patient to complete the activity.|Not applicable|Independent - patient completes the activity by him/herself with no assistance from a helper."
GG0170A2,Functional mobility (discharge goal) - roll left and right,LCDS,3,LOINC,2.61,83217-0,Roll left and right - functional goal during 3 day assessment period [CMS Assessment],LA,LA10073-7|LA11539-6|LA11757-4|LA11758-2|LA11759-0|LA27665-1,05|06|04|03|02|01,"Setup or clean-up assistance - helper sets up or cleans up; patient completes activity. Helper assists only prior to or following the activity.|Independent - patient completed the activities by him/herself, with or without an assistive device, with no assistance from a helper.|Supervision or touching assistance - helper provides verbal cues or touching/steadying assistance as patient completes activity. Assistance may be provided throughout the activity or intermittently.|Partial/moderate assistance - helper does less than half the effort. Helper lifts, holds or supports truck or limbs, but provides less than half the effort.|Substantial/maximal assistance - helper does more than half the effort. Helper lifts or holds trunk or limbs and provides more than half the effort.|Dependent - helper does all of the effort. Patient does none of the effort to complete the activity. Or, the assistance of 2 or more helpers is required for the patient to complete the activity."
GG0170A3,Functional mobility (discharge performance) - roll left and right,LCDS,3,LOINC,2.61,83218-8,Roll left and right - functional ability during 3 day assessment period [CMS Assessment],LP,LA10055-4|LA10058-8|LA10073-7|LA11759-0|LA11921-6|LA26735-3|LA27665-1|LA4720-4|LA9983-3,03|07|05|02|04|88|01|09|06,"Partial/moderate assistance - helper does less than half the effort. Helper lifts, holds or supports trunk or limbs, but provides less than half the effort.|Patient refused|Setup or clean-up assistance - helper sets up or cleans up; patient completes activity. Helper assists only prior to or following the activity.|Substantial/maximal assistance - helper does more than half the effort. Helper lifts or holds trunk or limbs and provides more than half the effort.|Supervision or touching assistance - helper provides verbal cues or touching/ steadying assistance as patient completes activity. Assistance may be provided throughout the activity or intermittently.|Not attempted due to medical condition or safety concerns|Dependent - helper does all of the effort. Patient does none of the effort to complete the activity. Or, the assistance of 2 or more helpers is required for the patient to complete the activity.|Not applicable|Independent - patient completes the activity by him/herself with no assistance from a helper."
GG0170B1,Functional mobility (admission performance) - sit to lying,LCDS,3,LOINC,2.61,83216-2,Sit to lying - functional ability during 3 day assessment period [CMS Assessment],LA,LA10055-4|LA10058-8|LA10073-7|LA11759-0|LA11921-6|LA26735-3|LA27665-1|LA4720-4|LA9983-3,03|07|05|02|04|88|01|09|06,"Partial/moderate assistance - helper does less than half the effort. Helper lifts, holds or supports trunk or limbs, but provides less than half the effort.|Patient refused|Setup or clean-up assistance - helper sets up or cleans up; patient completes activity. Helper assists only prior to or following the activity.|Substantial/maximal assistance - helper does more than half the effort. Helper lifts or holds trunk or limbs and provides more than half the effort.|Supervision or touching assistance - helper provides verbal cues or touching/ steadying assistance as patient completes activity. Assistance may be provided throughout the activity or intermittently.|Not attempted due to medical condition or safety concerns|Dependent - helper does all of the effort. Patient does none of the effort to complete the activity. Or, the assistance of 2 or more helpers is required for the patient to complete the activity.|Not applicable|Independent - patient completes the activity by him/herself with no assistance from a helper."
GG0170B2,Functional mobility (discharge goal) - sit to lying,LCDS,3,LOINC,2.61,83215-4,Sit to lying - functional goal during 3 day assessment period [CMS Assessment],LA,LA10073-7|LA11539-6|LA11757-4|LA11758-2|LA11759-0|LA27665-1,05|06|04|03|02|01,"Setup or clean-up assistance - helper sets up or cleans up; patient completes activity. Helper assists only prior to or following the activity.|Independent - patient completed the activities by him/herself, with or without an assistive device, with no assistance from a helper.|Supervision or touching assistance - helper provides verbal cues or touching/steadying assistance as patient completes activity. Assistance may be provided throughout the activity or intermittently.|Partial/moderate assistance - helper does less than half the effort. Helper lifts, holds or supports truck or limbs, but provides less than half the effort.|Substantial/maximal assistance - helper does more than half the effort. Helper lifts or holds trunk or limbs and provides more than half the effort.|Dependent - helper does all of the effort. Patient does none of the effort to complete the activity. Or, the assistance of 2 or more helpers is required for the patient to complete the activity."
GG0170B3,Functional mobility (discharge performance) - sit to lying,LCDS,3,LOINC,2.61,83216-2,Sit to lying - functional ability during 3 day assessment period [CMS Assessment],LP,LA10055-4|LA10058-8|LA10073-7|LA11759-0|LA11921-6|LA26735-3|LA27665-1|LA4720-4|LA9983-3,03|07|05|02|04|88|01|09|06,"Partial/moderate assistance - helper does less than half the effort. Helper lifts, holds or supports trunk or limbs, but provides less than half the effort.|Patient refused|Setup or clean-up assistance - helper sets up or cleans up; patient completes activity. Helper assists only prior to or following the activity.|Substantial/maximal assistance - helper does more than half the effort. Helper lifts or holds trunk or limbs and provides more than half the effort.|Supervision or touching assistance - helper provides verbal cues or touching/ steadying assistance as patient completes activity. Assistance may be provided throughout the activity or intermittently.|Not attempted due to medical condition or safety concerns|Dependent - helper does all of the effort. Patient does none of the effort to complete the activity. Or, the assistance of 2 or more helpers is required for the patient to complete the activity.|Not applicable|Independent - patient completes the activity by him/herself with no assistance from a helper."
GG0170C1,Functional mobility (admission performance) - lying to sit on side,LCDS,3,LOINC,2.61,83214-7,Lying to sitting on side of bed - functional ability during 3 day assessment period [CMS Assessment],LA,LA10055-4|LA10058-8|LA10073-7|LA11759-0|LA11921-6|LA26735-3|LA27665-1|LA4720-4|LA9983-3,03|07|05|02|04|88|01|09|06,"Partial/moderate assistance - helper does less than half the effort. Helper lifts, holds or supports trunk or limbs, but provides less than half the effort.|Patient refused|Setup or clean-up assistance - helper sets up or cleans up; patient completes activity. Helper assists only prior to or following the activity.|Substantial/maximal assistance - helper does more than half the effort. Helper lifts or holds trunk or limbs and provides more than half the effort.|Supervision or touching assistance - helper provides verbal cues or touching/ steadying assistance as patient completes activity. Assistance may be provided throughout the activity or intermittently.|Not attempted due to medical condition or safety concerns|Dependent - helper does all of the effort. Patient does none of the effort to complete the activity. Or, the assistance of 2 or more helpers is required for the patient to complete the activity.|Not applicable|Independent - patient completes the activity by him/herself with no assistance from a helper."
GG0170C2,Functional mobility (discharge goal) - lying to sitting on side,LCDS,3,LOINC,2.61,83213-9,Lying to sitting on side of bed - functional goal during 3 day assessment period [CMS Assessment],LA,LA10073-7|LA11539-6|LA11757-4|LA11758-2|LA11759-0|LA27665-1,05|06|04|03|02|01,"Setup or clean-up assistance - helper sets up or cleans up; patient completes activity. Helper assists only prior to or following the activity.|Independent - patient completed the activities by him/herself, with or without an assistive device, with no assistance from a helper.|Supervision or touching assistance - helper provides verbal cues or touching/steadying assistance as patient completes activity. Assistance may be provided throughout the activity or intermittently.|Partial/moderate assistance - helper does less than half the effort. Helper lifts, holds or supports truck or limbs, but provides less than half the effort.|Substantial/maximal assistance - helper does more than half the effort. Helper lifts or holds trunk or limbs and provides more than half the effort.|Dependent - helper does all of the effort. Patient does none of the effort to complete the activity. Or, the assistance of 2 or more helpers is required for the patient to complete the activity."
GG0170C3,Functional mobility (discharge performance) - lying to sitting on side,LCDS,3,LOINC,2.61,83214-7,Lying to sitting on side of bed - functional ability during 3 day assessment period [CMS Assessment],LP,LA10055-4|LA10058-8|LA10073-7|LA11759-0|LA11921-6|LA26735-3|LA27665-1|LA4720-4|LA9983-3,03|07|05|02|04|88|01|09|06,"Partial/moderate assistance - helper does less than half the effort. Helper lifts, holds or supports trunk or limbs, but provides less than half the effort.|Patient refused|Setup or clean-up assistance - helper sets up or cleans up; patient completes activity. Helper assists only prior to or following the activity.|Substantial/maximal assistance - helper does more than half the effort. Helper lifts or holds trunk or limbs and provides more than half the effort.|Supervision or touching assistance - helper provides verbal cues or touching/ steadying assistance as patient completes activity. Assistance may be provided throughout the activity or intermittently.|Not attempted due to medical condition or safety concerns|Dependent - helper does all of the effort. Patient does none of the effort to complete the activity. Or, the assistance of 2 or more helpers is required for the patient to complete the activity.|Not applicable|Independent - patient completes the activity by him/herself with no assistance from a helper."
GG0170D1,Functional mobility (admission performance) - sit to stand,LCDS,3,LOINC,2.61,83212-1,Sit to stand - functional ability during 3 day assessment period [CMS Assessment],LA,LA10055-4|LA10058-8|LA10073-7|LA11759-0|LA11921-6|LA26735-3|LA27665-1|LA4720-4|LA9983-3,03|07|05|02|04|88|01|09|06,"Partial/moderate assistance - helper does less than half the effort. Helper lifts, holds or supports trunk or limbs, but provides less than half the effort.|Patient refused|Setup or clean-up assistance - helper sets up or cleans up; patient completes activity. Helper assists only prior to or following the activity.|Substantial/maximal assistance - helper does more than half the effort. Helper lifts or holds trunk or limbs and provides more than half the effort.|Supervision or touching assistance - helper provides verbal cues or touching/ steadying assistance as patient completes activity. Assistance may be provided throughout the activity or intermittently.|Not attempted due to medical condition or safety concerns|Dependent - helper does all of the effort. Patient does none of the effort to complete the activity. Or, the assistance of 2 or more helpers is required for the patient to complete the activity.|Not applicable|Independent - patient completes the activity by him/herself with no assistance from a helper."
GG0170D2,Functional mobility (discharge goal) - sit to stand,LCDS,3,LOINC,2.61,83211-3,Sit to stand - functional goal during 3 day assessment period [CMS Assessment],LA,LA10073-7|LA11539-6|LA11757-4|LA11758-2|LA11759-0|LA27665-1,05|06|04|03|02|01,"Setup or clean-up assistance - helper sets up or cleans up; patient completes activity. Helper assists only prior to or following the activity.|Independent - patient completed the activities by him/herself, with or without an assistive device, with no assistance from a helper.|Supervision or touching assistance - helper provides verbal cues or touching/steadying assistance as patient completes activity. Assistance may be provided throughout the activity or intermittently.|Partial/moderate assistance - helper does less than half the effort. Helper lifts, holds or supports truck or limbs, but provides less than half the effort.|Substantial/maximal assistance - helper does more than half the effort. Helper lifts or holds trunk or limbs and provides more than half the effort.|Dependent - helper does all of the effort. Patient does none of the effort to complete the activity. Or, the assistance of 2 or more helpers is required for the patient to complete the activity."
GG0170D3,Functional mobility (discharge performance) - sit to stand,LCDS,3,LOINC,2.61,83212-1,Sit to stand - functional ability during 3 day assessment period [CMS Assessment],LP,LA10055-4|LA10058-8|LA10073-7|LA11759-0|LA11921-6|LA26735-3|LA27665-1|LA4720-4|LA9983-3,03|07|05|02|04|88|01|09|06,"Partial/moderate assistance - helper does less than half the effort. Helper lifts, holds or supports trunk or limbs, but provides less than half the effort.|Patient refused|Setup or clean-up assistance - helper sets up or cleans up; patient completes activity. Helper assists only prior to or following the activity.|Substantial/maximal assistance - helper does more than half the effort. Helper lifts or holds trunk or limbs and provides more than half the effort.|Supervision or touching assistance - helper provides verbal cues or touching/ steadying assistance as patient completes activity. Assistance may be provided throughout the activity or intermittently.|Not attempted due to medical condition or safety concerns|Dependent - helper does all of the effort. Patient does none of the effort to complete the activity. Or, the assistance of 2 or more helpers is required for the patient to complete the activity.|Not applicable|Independent - patient completes the activity by him/herself with no assistance from a helper."
GG0170E1,Functional mobility (admission performance) - chair/bed-to-chair transfer,LCDS,3,LOINC,2.61,83210-5,Bed-to-chair transfer - functional ability during 3 day assessment period [CMS Assessment],LA,LA10055-4|LA10058-8|LA10073-7|LA11759-0|LA11921-6|LA26735-3|LA27665-1|LA4720-4|LA9983-3,03|07|05|02|04|88|01|09|06,"Partial/moderate assistance - helper does less than half the effort. Helper lifts, holds or supports trunk or limbs, but provides less than half the effort.|Patient refused|Setup or clean-up assistance - helper sets up or cleans up; patient completes activity. Helper assists only prior to or following the activity.|Substantial/maximal assistance - helper does more than half the effort. Helper lifts or holds trunk or limbs and provides more than half the effort.|Supervision or touching assistance - helper provides verbal cues or touching/ steadying assistance as patient completes activity. Assistance may be provided throughout the activity or intermittently.|Not attempted due to medical condition or safety concerns|Dependent - helper does all of the effort. Patient does none of the effort to complete the activity. Or, the assistance of 2 or more helpers is required for the patient to complete the activity.|Not applicable|Independent - patient completes the activity by him/herself with no assistance from a helper."
GG0170E2,Functional mobility (discharge goal) - chair/bed-to-chair transfer,LCDS,3,LOINC,2.61,83209-7,Bed-to-chair transfer - functional goal during 3 day assessment period [CMS Assessment],LA,LA10073-7|LA11539-6|LA11757-4|LA11758-2|LA11759-0|LA27665-1,05|06|04|03|02|01,"Setup or clean-up assistance - helper sets up or cleans up; patient completes activity. Helper assists only prior to or following the activity.|Independent - patient completed the activities by him/herself, with or without an assistive device, with no assistance from a helper.|Supervision or touching assistance - helper provides verbal cues or touching/steadying assistance as patient completes activity. Assistance may be provided throughout the activity or intermittently.|Partial/moderate assistance - helper does less than half the effort. Helper lifts, holds or supports truck or limbs, but provides less than half the effort.|Substantial/maximal assistance - helper does more than half the effort. Helper lifts or holds trunk or limbs and provides more than half the effort.|Dependent - helper does all of the effort. Patient does none of the effort to complete the activity. Or, the assistance of 2 or more helpers is required for the patient to complete the activity."
GG0170E3,Functional mobility (discharge performance) - chair/bed-to-chair transfer,LCDS,3,LOINC,2.61,83210-5,Bed-to-chair transfer - functional ability during 3 day assessment period [CMS Assessment],LP,LA10055-4|LA10058-8|LA10073-7|LA11759-0|LA11921-6|LA26735-3|LA27665-1|LA4720-4|LA9983-3,03|07|05|02|04|88|01|09|06,"Partial/moderate assistance - helper does less than half the effort. Helper lifts, holds or supports trunk or limbs, but provides less than half the effort.|Patient refused|Setup or clean-up assistance - helper sets up or cleans up; patient completes activity. Helper assists only prior to or following the activity.|Substantial/maximal assistance - helper does more than half the effort. Helper lifts or holds trunk or limbs and provides more than half the effort.|Supervision or touching assistance - helper provides verbal cues or touching/ steadying assistance as patient completes activity. Assistance may be provided throughout the activity or intermittently.|Not attempted due to medical condition or safety concerns|Dependent - helper does all of the effort. Patient does none of the effort to complete the activity. Or, the assistance of 2 or more helpers is required for the patient to complete the activity.|Not applicable|Independent - patient completes the activity by him/herself with no assistance from a helper."
GG0170F1,Functional mobility (admission performance) - toilet transfer,LCDS,3,LOINC,2.61,83208-9,Toilet transfer - functional ability during 3 day assessment period [CMS Assessment],LA,LA10055-4|LA10058-8|LA10073-7|LA11759-0|LA11921-6|LA26735-3|LA27665-1|LA4720-4|LA9983-3,03|07|05|02|04|88|01|09|06,"Partial/moderate assistance - helper does less than half the effort. Helper lifts, holds or supports trunk or limbs, but provides less than half the effort.|Patient refused|Setup or clean-up assistance - helper sets up or cleans up; patient completes activity. Helper assists only prior to or following the activity.|Substantial/maximal assistance - helper does more than half the effort. Helper lifts or holds trunk or limbs and provides more than half the effort.|Supervision or touching assistance - helper provides verbal cues or touching/ steadying assistance as patient completes activity. Assistance may be provided throughout the activity or intermittently.|Not attempted due to medical condition or safety concerns|Dependent - helper does all of the effort. Patient does none of the effort to complete the activity. Or, the assistance of 2 or more helpers is required for the patient to complete the activity.|Not applicable|Independent - patient completes the activity by him/herself with no assistance from a helper."
GG0170F2,Functional mobility (discharge goal) - toilet transfer,LCDS,3,LOINC,2.61,83207-1,Toilet transfer - functional goal during 3 day assessment period [CMS Assessment],LA,LA10073-7|LA11539-6|LA11757-4|LA11758-2|LA11759-0|LA27665-1,05|06|04|03|02|01,"Setup or clean-up assistance - helper sets up or cleans up; patient completes activity. Helper assists only prior to or following the activity.|Independent - patient completed the activities by him/herself, with or without an assistive device, with no assistance from a helper.|Supervision or touching assistance - helper provides verbal cues or touching/steadying assistance as patient completes activity. Assistance may be provided throughout the activity or intermittently.|Partial/moderate assistance - helper does less than half the effort. Helper lifts, holds or supports truck or limbs, but provides less than half the effort.|Substantial/maximal assistance - helper does more than half the effort. Helper lifts or holds trunk or limbs and provides more than half the effort.|Dependent - helper does all of the effort. Patient does none of the effort to complete the activity. Or, the assistance of 2 or more helpers is required for the patient to complete the activity."
GG0170F3,Functional mobility (discharge performance) - toilet transfer,LCDS,3,LOINC,2.61,83208-9,Toilet transfer - functional ability during 3 day assessment period [CMS Assessment],LP,LA10055-4|LA10058-8|LA10073-7|LA11759-0|LA11921-6|LA26735-3|LA27665-1|LA4720-4|LA9983-3,03|07|05|02|04|88|01|09|06,"Partial/moderate assistance - helper does less than half the effort. Helper lifts, holds or supports trunk or limbs, but provides less than half the effort.|Patient refused|Setup or clean-up assistance - helper sets up or cleans up; patient completes activity. Helper assists only prior to or following the activity.|Substantial/maximal assistance - helper does more than half the effort. Helper lifts or holds trunk or limbs and provides more than half the effort.|Supervision or touching assistance - helper provides verbal cues or touching/ steadying assistance as patient completes activity. Assistance may be provided throughout the activity or intermittently.|Not attempted due to medical condition or safety concerns|Dependent - helper does all of the effort. Patient does none of the effort to complete the activity. Or, the assistance of 2 or more helpers is required for the patient to complete the activity.|Not applicable|Independent - patient completes the activity by him/herself with no assistance from a helper."
GG0170H1,Does the {patient/resident} walk,LCDS,3,LOINC,2.61,83270-9,Does the patient walk - admission performance during 3 day assessment period [CMS Assessment],LA,LA26845-0|LA26846-8|LA33-6,0|1|2,"No, and walking goal is not clinically indicated|No, and walking goal is clinically indicated|Yes"
GG0170H3,Does the {patient/resident} walk,LCDS,3,LOINC,2.61,83278-2,Does the patient walk - discharge performance during 3 day assessment period [CMS Assessment],LP,LA32-8|LA33-6,0|2,No|Yes
GG0170I1,Functional mobility (admission performance) - walk 10 feet,LCDS,3,LOINC,2.61,83204-8,Walk 10 feet - functional ability during 3 day assessment period [CMS Assessment],LA,LA10055-4|LA10058-8|LA10073-7|LA11759-0|LA11921-6|LA26735-3|LA27665-1|LA4720-4|LA9983-3,03|07|05|02|04|88|01|09|06,"Partial/moderate assistance - helper does less than half the effort. Helper lifts, holds or supports trunk or limbs, but provides less than half the effort.|Patient refused|Setup or clean-up assistance - helper sets up or cleans up; patient completes activity. Helper assists only prior to or following the activity.|Substantial/maximal assistance - helper does more than half the effort. Helper lifts or holds trunk or limbs and provides more than half the effort.|Supervision or touching assistance - helper provides verbal cues or touching/ steadying assistance as patient completes activity. Assistance may be provided throughout the activity or intermittently.|Not attempted due to medical condition or safety concerns|Dependent - helper does all of the effort. Patient does none of the effort to complete the activity. Or, the assistance of 2 or more helpers is required for the patient to complete the activity.|Not applicable|Independent - patient completes the activity by him/herself with no assistance from a helper."
GG0170I2,Functional mobility (discharge goal) - walk 10 feet,LCDS,3,LOINC,2.61,83203-0,Walk 10 feet - functional goal during 3 day assessment period [CMS Assessment],LA,LA10073-7|LA11539-6|LA11757-4|LA11758-2|LA11759-0|LA27665-1,05|06|04|03|02|01,"Setup or clean-up assistance - helper sets up or cleans up; patient completes activity. Helper assists only prior to or following the activity.|Independent - patient completed the activities by him/herself, with or without an assistive device, with no assistance from a helper.|Supervision or touching assistance - helper provides verbal cues or touching/steadying assistance as patient completes activity. Assistance may be provided throughout the activity or intermittently.|Partial/moderate assistance - helper does less than half the effort. Helper lifts, holds or supports truck or limbs, but provides less than half the effort.|Substantial/maximal assistance - helper does more than half the effort. Helper lifts or holds trunk or limbs and provides more than half the effort.|Dependent - helper does all of the effort. Patient does none of the effort to complete the activity. Or, the assistance of 2 or more helpers is required for the patient to complete the activity."
GG0170I3,Functional mobility (discharge performance) - walk 10 feet,LCDS,3,LOINC,2.61,83204-8,Walk 10 feet - functional ability during 3 day assessment period [CMS Assessment],LP,LA10055-4|LA10058-8|LA10073-7|LA11759-0|LA11921-6|LA26735-3|LA27665-1|LA4720-4|LA9983-3,03|07|05|02|04|88|01|09|06,"Partial/moderate assistance - helper does less than half the effort. Helper lifts, holds or supports trunk or limbs, but provides less than half the effort.|Patient refused|Setup or clean-up assistance - helper sets up or cleans up; patient completes activity. Helper assists only prior to or following the activity.|Substantial/maximal assistance - helper does more than half the effort. Helper lifts or holds trunk or limbs and provides more than half the effort.|Supervision or touching assistance - helper provides verbal cues or touching/ steadying assistance as patient completes activity. Assistance may be provided throughout the activity or intermittently.|Not attempted due to medical condition or safety concerns|Dependent - helper does all of the effort. Patient does none of the effort to complete the activity. Or, the assistance of 2 or more helpers is required for the patient to complete the activity.|Not applicable|Independent - patient completes the activity by him/herself with no assistance from a helper."
GG0170J1,Functional mobility (admission performance) - walk 50 feet w/2 turns,LCDS,3,LOINC,2.61,83202-2,Walk 50 feet with two turns - functional ability during 3 day assessment period [CMS Assessment],LA,LA10055-4|LA10058-8|LA10073-7|LA11759-0|LA11921-6|LA26735-3|LA27665-1|LA4720-4|LA9983-3,03|07|05|02|04|88|01|09|06,"Partial/moderate assistance - helper does less than half the effort. Helper lifts, holds or supports trunk or limbs, but provides less than half the effort.|Patient refused|Setup or clean-up assistance - helper sets up or cleans up; patient completes activity. Helper assists only prior to or following the activity.|Substantial/maximal assistance - helper does more than half the effort. Helper lifts or holds trunk or limbs and provides more than half the effort.|Supervision or touching assistance - helper provides verbal cues or touching/ steadying assistance as patient completes activity. Assistance may be provided throughout the activity or intermittently.|Not attempted due to medical condition or safety concerns|Dependent - helper does all of the effort. Patient does none of the effort to complete the activity. Or, the assistance of 2 or more helpers is required for the patient to complete the activity.|Not applicable|Independent - patient completes the activity by him/herself with no assistance from a helper."
GG0170J2,Functional mobility (discharge goal) - walk 50 feet w/2 turns,LCDS,3,LOINC,2.61,83201-4,Walk 50 feet with two turns - functional goal during 3 day assessment period [CMS Assessment],LA,LA10073-7|LA11539-6|LA11757-4|LA11758-2|LA11759-0|LA27665-1,05|06|04|03|02|01,"Setup or clean-up assistance - helper sets up or cleans up; patient completes activity. Helper assists only prior to or following the activity.|Independent - patient completed the activities by him/herself, with or without an assistive device, with no assistance from a helper.|Supervision or touching assistance - helper provides verbal cues or touching/steadying assistance as patient completes activity. Assistance may be provided throughout the activity or intermittently.|Partial/moderate assistance - helper does less than half the effort. Helper lifts, holds or supports truck or limbs, but provides less than half the effort.|Substantial/maximal assistance - helper does more than half the effort. Helper lifts or holds trunk or limbs and provides more than half the effort.|Dependent - helper does all of the effort. Patient does none of the effort to complete the activity. Or, the assistance of 2 or more helpers is required for the patient to complete the activity."
GG0170J3,Functional mobility (discharge performance) - walk 50 feet w/2 turns,LCDS,3,LOINC,2.61,83202-2,Walk 50 feet with two turns - functional ability during 3 day assessment period [CMS Assessment],LP,LA10055-4|LA10058-8|LA10073-7|LA11759-0|LA11921-6|LA26735-3|LA27665-1|LA4720-4|LA9983-3,03|07|05|02|04|88|01|09|06,"Partial/moderate assistance - helper does less than half the effort. Helper lifts, holds or supports trunk or limbs, but provides less than half the effort.|Patient refused|Setup or clean-up assistance - helper sets up or cleans up; patient completes activity. Helper assists only prior to or following the activity.|Substantial/maximal assistance - helper does more than half the effort. Helper lifts or holds trunk or limbs and provides more than half the effort.|Supervision or touching assistance - helper provides verbal cues or touching/ steadying assistance as patient completes activity. Assistance may be provided throughout the activity or intermittently.|Not attempted due to medical condition or safety concerns|Dependent - helper does all of the effort. Patient does none of the effort to complete the activity. Or, the assistance of 2 or more helpers is required for the patient to complete the activity.|Not applicable|Independent - patient completes the activity by him/herself with no assistance from a helper."
GG0170K1,Functional mobility (admission performance) - walk 150 feet,LCDS,3,LOINC,2.61,83200-6,Walk 150 feet - functional ability during 3 day assessment period [CMS Assessment],LA,LA10055-4|LA10058-8|LA10073-7|LA11759-0|LA11921-6|LA26735-3|LA27665-1|LA4720-4|LA9983-3,03|07|05|02|04|88|01|09|06,"Partial/moderate assistance - helper does less than half the effort. Helper lifts, holds or supports trunk or limbs, but provides less than half the effort.|Patient refused|Setup or clean-up assistance - helper sets up or cleans up; patient completes activity. Helper assists only prior to or following the activity.|Substantial/maximal assistance - helper does more than half the effort. Helper lifts or holds trunk or limbs and provides more than half the effort.|Supervision or touching assistance - helper provides verbal cues or touching/ steadying assistance as patient completes activity. Assistance may be provided throughout the activity or intermittently.|Not attempted due to medical condition or safety concerns|Dependent - helper does all of the effort. Patient does none of the effort to complete the activity. Or, the assistance of 2 or more helpers is required for the patient to complete the activity.|Not applicable|Independent - patient completes the activity by him/herself with no assistance from a helper."
GG0170K2,Functional mobility (discharge goal) - walk 150 feet,LCDS,3,LOINC,2.61,83199-0,Walk 150 feet - functional goal during 3 day assessment period [CMS Assessment],LA,LA10073-7|LA11539-6|LA11757-4|LA11758-2|LA11759-0|LA27665-1,05|06|04|03|02|01,"Setup or clean-up assistance - helper sets up or cleans up; patient completes activity. Helper assists only prior to or following the activity.|Independent - patient completed the activities by him/herself, with or without an assistive device, with no assistance from a helper.|Supervision or touching assistance - helper provides verbal cues or touching/steadying assistance as patient completes activity. Assistance may be provided throughout the activity or intermittently.|Partial/moderate assistance - helper does less than half the effort. Helper lifts, holds or supports truck or limbs, but provides less than half the effort.|Substantial/maximal assistance - helper does more than half the effort. Helper lifts or holds trunk or limbs and provides more than half the effort.|Dependent - helper does all of the effort. Patient does none of the effort to complete the activity. Or, the assistance of 2 or more helpers is required for the patient to complete the activity."
GG0170K3,Functional mobility (discharge performance) - walk 150 feet,LCDS,3,LOINC,2.61,83200-6,Walk 150 feet - functional ability during 3 day assessment period [CMS Assessment],LP,LA10055-4|LA10058-8|LA10073-7|LA11759-0|LA11921-6|LA26735-3|LA27665-1|LA4720-4|LA9983-3,03|07|05|02|04|88|01|09|06,"Partial/moderate assistance - helper does less than half the effort. Helper lifts, holds or supports trunk or limbs, but provides less than half the effort.|Patient refused|Setup or clean-up assistance - helper sets up or cleans up; patient completes activity. Helper assists only prior to or following the activity.|Substantial/maximal assistance - helper does more than half the effort. Helper lifts or holds trunk or limbs and provides more than half the effort.|Supervision or touching assistance - helper provides verbal cues or touching/ steadying assistance as patient completes activity. Assistance may be provided throughout the activity or intermittently.|Not attempted due to medical condition or safety concerns|Dependent - helper does all of the effort. Patient does none of the effort to complete the activity. Or, the assistance of 2 or more helpers is required for the patient to complete the activity.|Not applicable|Independent - patient completes the activity by him/herself with no assistance from a helper."
GG0170Q1,Does the {patient/resident} use a wheelchair and/or scooter,LCDS,3,LOINC,2.61,83271-7,Does the patient use a wheelchair or scooter during 3 day assessment period [CMS Assessment],LA,LA32-8|LA33-6,0|1,No|Yes
GG0170Q3,Does the {patient/resident} use a wheelchair and/or scooter,LCDS,3,LOINC,2.61,83271-7,Does the patient use a wheelchair or scooter during 3 day assessment period [CMS Assessment],LP,LA32-8|LA33-6,0|1,No|Yes
GG0170R1,Functional mobility (admission performance) - wheel 50 feet w/2 turns,LCDS,3,LOINC,2.61,83188-3,Wheel 50 feet with two turns - functional ability during 3 day assessment period [CMS Assessment],LA,LA10055-4|LA10058-8|LA10073-7|LA11759-0|LA11921-6|LA26735-3|LA27665-1|LA4720-4|LA9983-3,03|07|05|02|04|88|01|09|06,"Partial/moderate assistance - helper does less than half the effort. Helper lifts, holds or supports trunk or limbs, but provides less than half the effort.|Patient refused|Setup or clean-up assistance - helper sets up or cleans up; patient completes activity. Helper assists only prior to or following the activity.|Substantial/maximal assistance - helper does more than half the effort. Helper lifts or holds trunk or limbs and provides more than half the effort.|Supervision or touching assistance - helper provides verbal cues or touching/ steadying assistance as patient completes activity. Assistance may be provided throughout the activity or intermittently.|Not attempted due to medical condition or safety concerns|Dependent - helper does all of the effort. Patient does none of the effort to complete the activity. Or, the assistance of 2 or more helpers is required for the patient to complete the activity.|Not applicable|Independent - patient completes the activity by him/herself with no assistance from a helper."
GG0170R2,Functional mobility (discharge goal) - wheel 50 feet w/2 turns,LCDS,3,LOINC,2.61,83187-5,Wheel 50 feet with two turns - functional goal during 3 day assessment period [CMS Assessment],LA,LA10073-7|LA11539-6|LA11757-4|LA11758-2|LA11759-0|LA27665-1,05|06|04|03|02|01,"Setup or clean-up assistance - helper sets up or cleans up; patient completes activity. Helper assists only prior to or following the activity.|Independent - patient completed the activities by him/herself, with or without an assistive device, with no assistance from a helper.|Supervision or touching assistance - helper provides verbal cues or touching/steadying assistance as patient completes activity. Assistance may be provided throughout the activity or intermittently.|Partial/moderate assistance - helper does less than half the effort. Helper lifts, holds or supports truck or limbs, but provides less than half the effort.|Substantial/maximal assistance - helper does more than half the effort. Helper lifts or holds trunk or limbs and provides more than half the effort.|Dependent - helper does all of the effort. Patient does none of the effort to complete the activity. Or, the assistance of 2 or more helpers is required for the patient to complete the activity."
GG0170R3,Functional mobility (discharge performance) - wheel 50 feet w/2 turns,LCDS,3,LOINC,2.61,83188-3,Wheel 50 feet with two turns - functional ability during 3 day assessment period [CMS Assessment],LP,LA10055-4|LA10058-8|LA10073-7|LA11759-0|LA11921-6|LA26735-3|LA27665-1|LA4720-4|LA9983-3,03|07|05|02|04|88|01|09|06,"Partial/moderate assistance - helper does less than half the effort. Helper lifts, holds or supports trunk or limbs, but provides less than half the effort.|Patient refused|Setup or clean-up assistance - helper sets up or cleans up; patient completes activity. Helper assists only prior to or following the activity.|Substantial/maximal assistance - helper does more than half the effort. Helper lifts or holds trunk or limbs and provides more than half the effort.|Supervision or touching assistance - helper provides verbal cues or touching/ steadying assistance as patient completes activity. Assistance may be provided throughout the activity or intermittently.|Not attempted due to medical condition or safety concerns|Dependent - helper does all of the effort. Patient does none of the effort to complete the activity. Or, the assistance of 2 or more helpers is required for the patient to complete the activity.|Not applicable|Independent - patient completes the activity by him/herself with no assistance from a helper."
GG0170RR1,Indicate the type of wheelchair or scooter used,LCDS,3,LOINC,2.61,83272-5,Indicate the type of wheelchair or scooter used during 3 day assessment period [CMS Assessment],LA,LA19016-7|LA26847-6,1|2,Manual|Motorized
GG0170RR3,Indicate the type of wheelchair or scooter used,LCDS,3,LOINC,2.61,83272-5,Indicate the type of wheelchair or scooter used during 3 day assessment period [CMS Assessment],LP,LA19016-7|LA26847-6,1|2,Manual|Motorized
GG0170S1,Functional mobility (admission performance) - wheel 150 feet,LCDS,3,LOINC,2.61,83235-2,Wheel 150 feet - functional ability during 3 day assessment period [CMS Assessment],LA,LA10055-4|LA10058-8|LA10073-7|LA11759-0|LA11921-6|LA26735-3|LA27665-1|LA4720-4|LA9983-3,03|07|05|02|04|88|01|09|06,"Partial/moderate assistance - helper does less than half the effort. Helper lifts, holds or supports trunk or limbs, but provides less than half the effort.|Patient refused|Setup or clean-up assistance - helper sets up or cleans up; patient completes activity. Helper assists only prior to or following the activity.|Substantial/maximal assistance - helper does more than half the effort. Helper lifts or holds trunk or limbs and provides more than half the effort.|Supervision or touching assistance - helper provides verbal cues or touching/ steadying assistance as patient completes activity. Assistance may be provided throughout the activity or intermittently.|Not attempted due to medical condition or safety concerns|Dependent - helper does all of the effort. Patient does none of the effort to complete the activity. Or, the assistance of 2 or more helpers is required for the patient to complete the activity.|Not applicable|Independent - patient completes the activity by him/herself with no assistance from a helper."
GG0170S2,Functional mobility (discharge goal) - wheel 150 feet,LCDS,3,LOINC,2.61,83236-0,Wheel 150 feet - functional goal during 3 day assessment period [CMS Assessment],LA,LA10073-7|LA11539-6|LA11757-4|LA11758-2|LA11759-0|LA27665-1,05|06|04|03|02|01,"Setup or clean-up assistance - helper sets up or cleans up; patient completes activity. Helper assists only prior to or following the activity.|Independent - patient completed the activities by him/herself, with or without an assistive device, with no assistance from a helper.|Supervision or touching assistance - helper provides verbal cues or touching/steadying assistance as patient completes activity. Assistance may be provided throughout the activity or intermittently.|Partial/moderate assistance - helper does less than half the effort. Helper lifts, holds or supports truck or limbs, but provides less than half the effort.|Substantial/maximal assistance - helper does more than half the effort. Helper lifts or holds trunk or limbs and provides more than half the effort.|Dependent - helper does all of the effort. Patient does none of the effort to complete the activity. Or, the assistance of 2 or more helpers is required for the patient to complete the activity."
GG0170S3,Functional mobility (discharge performance) - wheel 150 feet,LCDS,3,LOINC,2.61,83235-2,Wheel 150 feet - functional ability during 3 day assessment period [CMS Assessment],LP,LA10055-4|LA10058-8|LA10073-7|LA11759-0|LA11921-6|LA26735-3|LA27665-1|LA4720-4|LA9983-3,03|07|05|02|04|88|01|09|06,"Partial/moderate assistance - helper does less than half the effort. Helper lifts, holds or supports trunk or limbs, but provides less than half the effort.|Patient refused|Setup or clean-up assistance - helper sets up or cleans up; patient completes activity. Helper assists only prior to or following the activity.|Substantial/maximal assistance - helper does more than half the effort. Helper lifts or holds trunk or limbs and provides more than half the effort.|Supervision or touching assistance - helper provides verbal cues or touching/ steadying assistance as patient completes activity. Assistance may be provided throughout the activity or intermittently.|Not attempted due to medical condition or safety concerns|Dependent - helper does all of the effort. Patient does none of the effort to complete the activity. Or, the assistance of 2 or more helpers is required for the patient to complete the activity.|Not applicable|Independent - patient completes the activity by him/herself with no assistance from a helper."
GG0170SS1,Indicate the type of wheelchair or scooter used,LCDS,3,LOINC,2.61,83272-5,Indicate the type of wheelchair or scooter used during 3 day assessment period [CMS Assessment],LA,LA19016-7|LA26847-6,1|2,Manual|Motorized
GG0170SS3,Indicate the type of wheelchair or scooter used,LCDS,3,LOINC,2.61,83272-5,Indicate the type of wheelchair or scooter used during 3 day assessment period [CMS Assessment],LP,LA19016-7|LA26847-6,1|2,Manual|Motorized
H0350,Bladder continence,LCDS,3,LOINC,2.61,83238-6,Bladder continence during 3 day assessment period [CMS Assessment],LA|LP,LA11693-1|LA26736-1|LA26738-7|LA26833-6|LA26834-4|LA9934-6|LA9979-1,9|1|5|0|2|4|3,"Not applicable (e.g., indwelling catheter)|Stress incontinence only|No urine output (e.g., renal failure)|Always continent (no documented incontinence)|Incontinent less than daily (e.g., once or twice during the 3-day assessment period)|Always incontinent|Incontinent daily (at least once a day)"
H0400,Bowel continence,LCDS,3,LOINC,2.61,83242-8,Bowel continence during 3 day assessment period [CMS Assessment],LA,LA11042-1|LA11048-8|LA11049-6|LA11050-4|LA26835-1,0|1|2|3|9,"Always continent|Occasionally incontinent (one episode of bowel incontinence)|Frequently incontinent (2 or more episodes of bowel incontinence, but at least one continent bowel movement)|Always incontinent (no episodes of continent bowel movements)|Not rated, patient had an ostomy or did not have a bowel movement for the entire 3 days"
I0000,Active Diagnoses (Comorbidities and co-existing conditions). Check all that apply,LCDS,3,LOINC,2.61,83243-6,Comorbidities and coexisting conditions [CMS Assessment],LA,LA18399-8|LA20372-1|LA22099-8|LA25276-9|LA27517-4|LA27518-2|LA27519-0|LA27520-8|LA27521-6|LA27522-4|LA27523-2|LA27528-1|LA27529-9|LA27530-7|LA27531-5|LA27532-3|LA27533-1|LA27534-9|LA27535-6|LA27536-4|LA27537-2|LA27538-0|LA27539-8|LA9-3,I0900|I4801|I4501|I5000|I0101|I1501|I1502|I2101|I2600|I4100|I4900|I5101|I5102|I5110|I5200|I5250|I5300|I5450|I5460|I5470|I5601|I5602|I2900|I7900,"Peripheral vascular disease (PVD) or peripheral arterial disease (PAD)|Dementia|Stroke|Paraplegia  |Severe and metastatic cancers|Chronic kidney disease, stage 5|Acute renal failure|Septicemia, sepsis, systemic inflammatory response syndrome/shock|Central nervous system infections, opportunistic infections, bone/joint/muscle infections/necrosis|Major lower limb amputation (e.g., above knee, below knee)|Hemiplegia or hemiparesis|Complete tetraplegia|Incomplete tetraplegia|Other spinal cord disorder/injury (e.g., myelitis, cauda equina syndrome)|Multiple sclerosis (MS)|Huntington's disease|Parkinson's disease|Amyotrophic lateral sclerosis|Locked-in state|Severe anoxic brain damage, cerebral edema, or compression of brain|Malnutrition (protein or calorie)|At risk for malnutrition|Diabetes mellitus (DM)|None of the above"
I0050,{Patient/resident} primary medical condition,LCDS,3,LOINC,2.61,85633-6,Indicate the patient's primary medical condition category during 3 day assessment period [CMS Assessment],LA,LA16346-1|LA27513-3|LA27514-1|LA27515-8|LA27516-6,5|1|2|3|4,"Other medical condition|Acute onset respiratory condition (e.g., aspiration and specified bacterial pneumonias)|Chronic respiratory condition (e.g., chronic obstructive pulmonary disease)|Acute onset and chronic respiratory conditions|Chronic cardiac condition (e.g., heart failure)"
I0050A,Other medical condition - ICD code,LCDS,3,LOINC,2.61,52797-8,Diagnosis ICD code,LA,,,
J1800,Falls since admit/prior assessment: any falls,LCDS,3,LOINC,2.61,83280-8,Has the patient had any falls since admission [CMS Assessment],LE|LP|LU,LA32-8|LA33-6,0|1,No|Yes
J1900,Number of falls since admission/entry or reentry,LCDS,3,LOINC,2.61,54854-5,Number of falls since admission or prior assessment [CMS Assessment],LE|LP|LU,,,
J1900A,Falls since admit/prior assessment: no injury,LCDS,3,LOINC,2.61,54855-2,Number of falls since admission or prior assessment - no injury [CMS Assessment],LE|LP|LU,LA11073-6|LA137-2|LA6306-0,2|0|1,Two or more|None|One
J1900B,Falls since admit/prior assessment: injury (not major),LCDS,3,LOINC,2.61,54856-0,Number of falls since admission or prior assessment - injury except major [CMS Assessment],LE|LP|LU,LA11073-6|LA137-2|LA6306-0,2|0|1,Two or more|None|One
J1900C,Falls since admit/prior assessment: major injury,LCDS,3,LOINC,2.61,54857-8,Number of falls since admission or prior assessment - major injury [CMS Assessment],LE|LP|LU,LA11073-6|LA137-2|LA6306-0,2|0|1,Two or more|None|One
K0200,Height and weight,LCDS,3,LOINC,2.61,54567-3,Height and weight,LA,,,
K0200A,Height (in inches),LCDS,3,LOINC,2.61,3137-7,Body height Measured,LA,,,
K0200B,Weight (in pounds),LCDS,3,LOINC,2.61,3141-9,Body weight Measured,LA,,,
M0210,Unhealed pressure ulcer(s)/injuries,LCDS,3,LOINC,2.61,58214-8,One or more unhealed pressure ulcers stage 1 or higher [CMS Assessment],LA|LP|LU,LA32-8|LA33-6,0|1,No|Yes
M0300,Current number of unhealed pressure ulcers at each stage,LCDS,3,LOINC,2.61,83246-9,Current number of unhealed pressure injuries at each stage [CMS Assessment],LA|LP|LU,,,
M0300A1,Number of Stage 1 pressure injuries,LCDS,3,LOINC,2.61,54884-2,Number of pressure ulcers - stage 1 # [CMS Assessment],LA|LP|LU,,,
M0300B1,Stage 2 pressure ulcers: number present,LCDS,3,LOINC,2.61,55124-2,Number of pressure ulcers - stage 2 [CMS Assessment],LA|LP|LU,,,
M0300B2,Stage 2 pressure ulcers: number at admit/reentry,LCDS,3,LOINC,2.61,54886-7,Number of pressure ulcers present upon admission/reentry - stage 2 [CMS Assessment],LP|LU,,,
M0300C1,Stage 3 pressure ulcers: number present,LCDS,3,LOINC,2.61,55125-9,Number of pressure ulcers - stage 3 [CMS Assessment],LA|LP|LU,,,
M0300C2,Stage 3 pressure ulcers: number at admit/reentry,LCDS,3,LOINC,2.61,54887-5,Number of pressure ulcers present upon admission/reentry - stage 3 [CMS Assessment],LP|LU,,,
M0300D1,Stage 4 pressure ulcers: number present,LCDS,3,LOINC,2.61,55126-7,Number of pressure ulcers - stage 4 [CMS Assessment],LA|LP|LU,,,
M0300D2,Stage 4 pressure ulcers: number at admit/reentry,LCDS,3,LOINC,2.61,54890-9,Number of pressure ulcers present upon admission/reentry - stage 4 [CMS Assessment],LP|LU,,,
M0300E1,Unstaged due to dressing/device: number present,LCDS,3,LOINC,2.61,54893-3,Number of pressure ulcers - unstageable due to non-removable dressing or device [CMS Assessment],LA|LP|LU,,,
M0300E2,Unstaged due to dressing/device: number at admit/reentry,LCDS,3,LOINC,2.61,54894-1,Number of pressure ulcers present upon admission/reentry - unstageable due to non-removable dressing [CMS Assessment],LP|LU,,,
M0300F1,Unstaged slough/eschar: number present,LCDS,3,LOINC,2.61,54946-9,Number of pressure ulcers - unstageable due to coverage of wound bed by slough and/or eschar [CMS Assessment],LA|LP|LU,,,
M0300F2,Unstaged slough/eschar: number at admit/reentry,LCDS,3,LOINC,2.61,54947-7,Number of pressure ulcers present upon admission/reentry - unstageable due to coverage of wound bed by slough/eschar [CMS Assessment],LP|LU,,,
M0300G1,Unstageable - deep tissue injury: number present,LCDS,3,LOINC,2.61,54950-1,Number of pressure ulcers - unstageable with suspected deep tissue injury in evolution [CMS Assessment],LA|LP|LU,,,
M0300G2,Unstageable - deep tissue injury:  number at admission/reentry,LCDS,3,LOINC,2.61,54951-9,Number of pressure ulcers present upon admission/reentry - unstageable with suspected deep tissue injury in evolution [CMS Assessment],LP|LU,,,
M0800,Worsening of pressure ulcer status since prior assessment,LCDS,3,LOINC,2.61,83282-4,Worsening in pressure ulcer status since admission [CMS Assessment],LP|LU,,,
M0800A,Worsened since prior assessment: Stage 2 pressure ulcers,LCDS,3,LOINC,2.61,83283-2,Stage 2 pressure ulcers not present or at a lesser stage on admission or start/resumption of home care # [CMS Assessment],LP|LU,,,
M0800B,Worsened since prior assessment: Stage 3 pressure ulcers,LCDS,3,LOINC,2.61,83284-0,Stage 3 pressure ulcers not present or at a lesser stage on admission or start/resumption of home care # [CMS Assessment],LP|LU,,,
M0800C,Worsened since prior assessment: Stage 4 pressure ulcers,LCDS,3,LOINC,2.61,83285-7,Stage 4 pressure ulcers not present or at a lesser stage on admission or start/resumption of home care # [CMS Assessment],LP|LU,,,
M0800D,Worsened: unstageable - non-removable dressing,LCDS,3,LOINC,2.61,83286-5,Unstageable pressure ulcers due to non-removable dressing not present or at a lesser stage on admission or start/resumption of home care # [CMS Assessment],LP|LU,,,
M0800E,Worsened: unstageable - Slough and/or eschar,LCDS,3,LOINC,2.61,83287-3,Unstageable pressure ulcer due to slough/eschar not present or at a lesser stage on admission or start/resumption of home care # [CMS Assessment],LP|LU,,,
M0800F,Worsened: unstageable - deep tissue injury,LCDS,3,LOINC,2.61,83288-1,Unstageable pressure ulcer due to deep tissue injury not present or at a lesser stage on admission or start/resumption of home care # [CMS Assessment],LP|LU,,,
O0100,"Special treatments, procedures, and programs. Check all that apply",LCDS,3,LOINC,2.61,83252-7,"Special treatments, procedures, and programs at admission [CMS Assessment]",LA,LA10101-6|LA27540-6|LA27541-4|LA27542-2|LA7216-0|LA9-3,N|F3|F4|G|J|Z,"Total parenteral nutrition|Invasive mechanical ventilator: weaning|Invasive mechanical ventilator: non-weaning|Non-invasive ventilator (BIPAP, CPAP)|Dialysis|None of the above"
O0250,Influenza vaccine,LCDS,3,LOINC,2.61,69339-0,Influenza vaccine [CMS Assessment],LA|LE|LP|LU,,,
O0250A,Was influenza vaccine received,LCDS,3,LOINC,2.61,55019-4,Influenza virus vaccine received in facility [CMS Assessment],LA|LE|LP|LU,LA32-8|LA33-6,0|1,No|Yes
O0250B,Date influenza vaccine received,LCDS,3,LOINC,2.61,58131-4,Date of influenza vaccination,LA|LE|LP|LU,,,
O0250C,"If influenza vaccine not received, state reason",LCDS,3,LOINC,2.61,55020-2,Reason influenza virus vaccine not received [CMS Assessment],LA|LE|LP|LU,LA11091-8|LA184-4|LA186-9|LA187-7|LA26745-2|LA26746-0|LA9-3,3|2|4|5|1|6|9,Not eligible - medical contraindication|Received outside of this facility|Offered and declined|Not offered|Patient not in this facility during this year's influenza vaccination season|Inability to obtain influenza vaccine due to a declared shortage|None of the above
Z0400A,"Signature, title, sections, date section completed A",LCDS,3,LOINC,2.61,85648-4,Signature of persons completing the assessment [CMS Assessment],LA|LE|LP|LU,,,
Z0400B,"Signature, title, sections, date section completed B",LCDS,3,LOINC,2.61,85648-4,Signature of persons completing the assessment [CMS Assessment],LA|LE|LP|LU,,,
Z0400C,"Signature, title, sections, date section completed C",LCDS,3,LOINC,2.61,85648-4,Signature of persons completing the assessment [CMS Assessment],LA|LE|LP|LU,,,
Z0400D,"Signature, title, sections, date section completed D",LCDS,3,LOINC,2.61,85648-4,Signature of persons completing the assessment [CMS Assessment],LA|LE|LP|LU,,,
Z0400E,"Signature, title, sections, date section completed E",LCDS,3,LOINC,2.61,85648-4,Signature of persons completing the assessment [CMS Assessment],LA|LE|LP|LU,,,
Z0400F,"Signature, title, sections, date section completed F",LCDS,3,LOINC,2.61,85648-4,Signature of persons completing the assessment [CMS Assessment],LA|LE|LP|LU,,,
Z0400G,"Signature, title, sections, date section completed G",LCDS,3,LOINC,2.61,85648-4,Signature of persons completing the assessment [CMS Assessment],LA|LE|LP|LU,,,
Z0400H,"Signature, title, sections, date section completed H",LCDS,3,LOINC,2.61,85648-4,Signature of persons completing the assessment [CMS Assessment],LA|LE|LP|LU,,,
Z0400I,"Signature, title, sections, date section completed I",LCDS,3,LOINC,2.61,85648-4,Signature of persons completing the assessment [CMS Assessment],LA|LE|LP|LU,,,
Z0400J,"Signature, title, sections, date section completed J",LCDS,3,LOINC,2.61,85648-4,Signature of persons completing the assessment [CMS Assessment],LA|LE|LP|LU,,,
Z0400K,"Signature, title, sections, date section completed K",LCDS,3,LOINC,2.61,85648-4,Signature of persons completing the assessment [CMS Assessment],LA|LE|LP|LU,,,
Z0400L,"Signature, title, sections, date section completed L",LCDS,3,LOINC,2.61,85648-4,Signature of persons completing the assessment [CMS Assessment],LA|LE|LP|LU,,,
Z0500A,Signature,LCDS,3,LOINC,2.61,70127-6,Signature verifying assessment completion,LA|LE|LP|LU,,,
Z0500B,Date RN signed assessment as complete,LCDS,3,LOINC,2.61,30947-6,Date form completed,LA|LE|LP|LU,,,